{"btb_size": {"total_size": {"early": [[0.04330078125, 0.04171875, 0.046751302083333335, 0.0, 0.0, 0.0, 0.0, 0.0, 0.0, 0.0, 1.7755681818181817e-05, 0.0010563151041666668, 0.010075120192307692, 0.005453404017857143, 0.00355078125, 4.8828125e-06, 0.0], [0.1930859375, 0.0971484375, 0.0, 0.0, 2.734375e-05, 0.0, 0.0, 0.0, 2.170138888888889e-05, 2.9296875e-05, 0.015422585227272727, 0.0017529296875, 0.0, 0.0, 0.0, 0.0, 0.0], [0.277109375, 0.03712890625, 0.0, 0.001005859375, 0.0, 0.0, 0.0, 0.00025390625, 0.0, 0.0, 0.0, 0.0, 0.0, 0.0, 0.0, 0.0, 0.0], [0.05984375, 1.953125e-05, 0.0, 0.00099609375, 0.0, 0.0, 0.0, 0.0, 0.0, 0.0, 0.0, 0.0, 0.0, 0.0, 0.0, 0.0, 0.0], [0.04623046875, 3.90625e-05, 0.0, 0.0, 0.0, 0.0, 0.0, 0.0, 0.0, 0.0, 0.0, 0.0, 0.0, 0.0, 0.0, 0.0, 0.0], [3.90625e-05, 0.0, 0.0, 0.0, 0.0, 0.0, 0.0, 0.0, 0.0, 0.0, 0.0, 0.0, 0.0, 0.0, 0.0, 0.0, 0.0]], "resteer": [[0.001953125, 0.0009765625, 0.0006510416666666666, 0.00048828125, 0.001171875, 0.009114583333333334, 0.027904575892857143, 0.005615234375, 0.29620225694444446, 0.440857421875, 0.5766725852272727, 0.6798014322916667, 0.7798993389423077, 0.8589006696428572, 0.93430859375, 0.9992431640625, 1.0001125919117646], [0.0, 0.0, 0.0, 0.0, 0.00758203125, 0.0003255208333333333, 0.00027901785714285713, 0.06786865234375, 0.34232855902777776, 0.614796875, 0.8198845880681818, 0.9964046223958334, 0.9997295673076924, 0.9995465959821429, 0.999828125, 1.0002392578125, 1.00021484375], [0.0, 0.0, 0.0, 0.0049853515625, 0.00558984375, 0.004658203125, 0.00027901785714285713, 0.00571533203125, 0.5568576388888888, 0.999970703125, 0.9999254261363636, 1.0001595052083334, 1.0001397235576923, 1.0002790178571428, 1.0002591145833333, 1.0001220703125, 1.000116038602941], [0.0, 0.0, 0.005299479166666667, 0.004970703125, 0.015625, 0.020266927083333334, 0.02045200892857143, 0.017822265625, 1.0002408854166667, 1.0001796875, 1.0003462357954545, 1.0001578776041666, 1.0001532451923076, 1.000142299107143, 1.0001184895833333, 1.0001220703125, 1.0002297794117647], [0.0, 0.0, 0.03125, 0.0361328125, 1.000390625, 1.0006315104166668, 0.9994419642857143, 1.00048583984375, 1.0004340277777777, 1.000388671875, 1.0001775568181819, 1.0003255208333333, 1.0003004807692308, 1.0001395089285714, 1.0001315104166666, 1.0001220703125, 1.0001148897058822], [0.0, 0.077177734375, 1.00126953125, 1.00048828125, 1.00077734375, 1.0003255208333333, 1.0005580357142858, 1.00048828125, 1.0002170138888888, 1.000390625, 1.0001775568181819, 1.0001627604166667, 1.0001502403846154, 1.0002790178571428, 1.00026171875, 1.0001220703125, 1.000116038602941]], "core": [[2.15560546875, 2.142998046875, 2.095859375, 2.0713671875, 2.07878125, 2.1677115885416667, 2.403671875, 2.13025146484375, 5.145763888888889, 6.514017578125, 7.850411931818182, 8.851481119791666, 9.845972055288462, 10.633275669642858, 11.379295572916666, 12.01199951171875, 12.00958065257353], [2.26271484375, 2.131474609375, 2.1293359375, 2.1281005859375, 2.20680078125, 2.129990234375, 2.137020089285714, 2.7604541015625, 5.519644097222222, 8.202146484375, 10.267567471590908, 11.993284505208333, 12.015733173076923, 12.023087332589286, 12.025919270833333, 12.0201806640625, 12.025106847426471], [2.13794921875, 2.131181640625, 2.1291471354166664, 2.185283203125, 2.18882421875, 2.179124348958333, 2.12927734375, 2.2060302734375, 7.652762586805555, 12.03605078125, 12.021983309659092, 12.036110026041667, 12.025139723557693, 12.014016462053572, 12.01904296875, 12.0315625, 12.027867647058823], [2.01396484375, 2.00728515625, 2.063606770833333, 2.0648779296875, 2.2291484375, 2.2937467447916666, 2.2967885044642857, 2.27433837890625, 12.030763888888888, 12.048708984375, 12.067416548295455, 12.035929361979166, 12.061756310096154, 12.030463169642857, 12.029842447916666, 12.018885498046876, 12.018519071691177], [2.014609375, 2.008486328125, 2.559290364583333, 2.6177783203125, 12.05876171875, 12.056692708333333, 12.134762834821428, 12.120908203125, 12.134559461805555, 12.145611328125, 12.103148082386364, 12.053302408854167, 12.087953725961539, 12.061692243303572, 12.1736015625, 12.129832763671875, 12.127981387867647], [2.01337890625, 4.128935546875, 12.2538671875, 12.3846630859375, 12.3493046875, 12.887122395833334, 12.190348772321428, 12.19822265625, 13.5398046875, 13.443455078125, 13.303844105113637, 13.357325846354167, 13.6219921875, 12.853157087053571, 13.293600260416667, 13.290625, 13.879430147058823]], "late": [[0.966171875, 0.96484375, 0.9579557291666667, 1.0032666015625, 1.00554296875, 1.0361946614583333, 1.1200390625, 1.019599609375, 1.2150564236111112, 0.78665234375, 0.6286967329545454, 0.4335481770833333, 0.29379056490384614, 0.17258231026785714, 0.09875520833333333, 0.034505615234375, 8.846507352941177e-05], [0.81185546875, 0.90513671875, 1.0017513020833333, 1.0012744140625, 1.02469921875, 1.0018131510416666, 1.0038058035714286, 1.20559326171875, 0.7241536458333333, 0.476275390625, 0.24889026988636365, 0.07202473958333333, 0.010779747596153846, 0.011587611607142858, 0.0235625, 0.01425537109375, 0.00024011948529411765], [0.728203125, 0.965400390625, 1.0017057291666667, 1.0184716796875, 1.0198046875, 1.01615234375, 1.0015625, 1.02237548828125, 0.5017361111111112, 0.002775390625, 0.01297940340909091, 0.009806315104166666, 0.008551682692307692, 0.0, 0.007385416666666667, 0.000946044921875, 0.006745174632352941], [0.94470703125, 1.002333984375, 1.0199609375, 1.018828125, 1.0630625, 1.0821484375, 1.0792996651785713, 1.067412109375, 0.0013194444444444445, 0.011142578125, 0.0051740056818181815, 0.0029817708333333332, 0.003134014423076923, 0.005333426339285715, 0.00542578125, 0.002471923828125, 0.002068014705882353], [0.95859375, 1.002412109375, 1.15896484375, 1.185107421875, 0.0148515625, 0.025836588541666667, 0.12824776785714287, 0.0199365234375, 0.02655598958333333, 0.0281171875, 0.006780894886363636, 0.033955078125, 0.024627403846153847, 0.044560546875, 0.0269765625, 0.102149658203125, 0.03411190257352941], [1.002109375, 1.13451171875, 0.05298177083333333, 0.0365673828125, 0.01453515625, 0.099482421875, 0.03994140625, 0.02306640625, 0.06197482638888889, 0.051078125, 0.04924360795454545, 0.04259440104166667, 0.09554837740384615, 0.005862165178571428, 0.023352864583333334, 0.026605224609375, 0.05502987132352941]]}}, "branch": {}}